{
  "SA_0-10 m": {
    "order": [
      0,
      0,
      0
    ],
    "seasonal_order": [
      1,
      0,
      1,
      12
    ],
    "rmse": 0.358505334078246
  },
  "SA_10-30 m": {
    "order": [
      0,
      0,
      0
    ],
    "seasonal_order": [
      1,
      0,
      1,
      12
    ],
    "rmse": 0.5054371890027705
  },
  "SA_30+ m": {
    "order": [
      0,
      0,
      0
    ],
    "seasonal_order": [
      0,
      1,
      0,
      12
    ],
    "rmse": 0.10494615561988511
  },
  "WG_0-10 m": {
    "order": [
      0,
      0,
      0
    ],
    "seasonal_order": [
      1,
      0,
      1,
      12
    ],
    "rmse": 0.3777953552623994
  },
  "WG_10-30 m": {
    "order": [
      0,
      0,
      0
    ],
    "seasonal_order": [
      1,
      0,
      1,
      12
    ],
    "rmse": 0.42336492510499646
  },
  "WG_30+ m": {
    "order": [
      2,
      0,
      1
    ],
    "seasonal_order": [
      1,
      0,
      1,
      12
    ],
    "rmse": 0.04136373232923787
  },
  "WP_0-10 m": {
    "order": [
      0,
      0,
      0
    ],
    "seasonal_order": [
      1,
      0,
      1,
      12
    ],
    "rmse": 0.37010651504802333
  },
  "WP_10-30 m": {
    "order": [
      0,
      0,
      0
    ],
    "seasonal_order": [
      1,
      0,
      1,
      12
    ],
    "rmse": 0.37558431912944507
  },
  "WP_30+ m": {
    "order": [
      0,
      0,
      0
    ],
    "seasonal_order": [
      1,
      1,
      0,
      12
    ],
    "rmse": 0.09430085329445853
  }
}