{
  "SA_0-10 m": {
    "order": [
      0,
      0,
      0
    ],
    "seasonal_order": [
      1,
      0,
      1,
      12
    ],
    "rmse": 0.3779359599577942
  },
  "SA_10-30 m": {
    "order": [
      0,
      0,
      0
    ],
    "seasonal_order": [
      1,
      0,
      1,
      12
    ],
    "rmse": 0.48501047419736665
  },
  "SA_30+ m": {
    "order": [
      0,
      1,
      2
    ],
    "seasonal_order": [
      1,
      1,
      0,
      12
    ],
    "rmse": 0.12209238579918576
  },
  "WG_0-10 m": {
    "order": [
      0,
      1,
      0
    ],
    "seasonal_order": [
      1,
      1,
      0,
      12
    ],
    "rmse": 0.3054726206958367
  },
  "WG_10-30 m": {
    "order": [
      1,
      1,
      0
    ],
    "seasonal_order": [
      1,
      0,
      1,
      12
    ],
    "rmse": 0.4472670168896549
  },
  "WG_30+ m": {
    "order": [
      2,
      0,
      2
    ],
    "seasonal_order": [
      1,
      1,
      0,
      12
    ],
    "rmse": 0.04263923518706944
  },
  "WP_0-10 m": {
    "order": [
      0,
      0,
      0
    ],
    "seasonal_order": [
      1,
      0,
      1,
      12
    ],
    "rmse": 0.33241867617968957
  },
  "WP_10-30 m": {
    "order": [
      0,
      0,
      0
    ],
    "seasonal_order": [
      1,
      0,
      1,
      12
    ],
    "rmse": 0.39487765274608666
  },
  "WP_30+ m": {
    "order": [
      0,
      0,
      1
    ],
    "seasonal_order": [
      1,
      1,
      0,
      12
    ],
    "rmse": 0.09687964141142773
  }
}