{
  "temp__WG_0-10m": {
    "var_name": "temp",
    "site": "WG",
    "depth": "0-10m",
    "order": [
      1,
      0,
      1
    ],
    "seasonal_order": [
      1,
      1,
      0,
      12
    ],
    "cv_rmse": 0.9055920413007363,
    "train_mse": 63.62275057952059,
    "train_rmse": 7.976387063045561,
    "train_mae": 5.11166156963866,
    "train_mape": 22.700373315336375,
    "train_r2": -69.11693758393227,
    "train_evs": -44.70741946281687,
    "test_mse": 0.5468239103827008,
    "test_rmse": 0.7394754291947102,
    "test_mae": 0.5565174716592073,
    "test_mape": 2.4375470659512186,
    "test_r2": 0.49004325822511874,
    "test_evs": 0.4919718448377566
  },
  "temp__WG_10-30m": {
    "var_name": "temp",
    "site": "WG",
    "depth": "10-30m",
    "order": [
      0,
      0,
      0
    ],
    "seasonal_order": [
      0,
      1,
      1,
      12
    ],
    "cv_rmse": 0.711927188787606,
    "train_mse": 117.91476253847141,
    "train_rmse": 10.85885641025202,
    "train_mae": 5.840246901336732,
    "train_mape": 26.670545287245634,
    "train_r2": -206.29927401731806,
    "train_evs": -155.25191359410601,
    "test_mse": 0.6117773364434139,
    "test_rmse": 0.7821619630507571,
    "test_mae": 0.6334268700008456,
    "test_mape": 2.7807462644343066,
    "test_r2": 0.2854807532184923,
    "test_evs": 0.4002866339828376
  },
  "temp__WG_30m+": {
    "var_name": "temp",
    "site": "WG",
    "depth": "30m+",
    "order": [
      1,
      1,
      1
    ],
    "seasonal_order": [
      1,
      0,
      0,
      12
    ],
    "cv_rmse": 0.025309178922235602,
    "train_mse": 8.473768400137017,
    "train_rmse": 2.9109737889814493,
    "train_mae": 0.47327202501587406,
    "train_mape": 2.334765590825966,
    "train_r2": -1662.411229878681,
    "train_evs": -1634.8164318735173,
    "test_mse": 0.0003819856552858107,
    "test_rmse": 0.01954445331253373,
    "test_mae": 0.016139982595480905,
    "test_mape": 0.07874249064914358,
    "test_r2": 0.017477640357014046,
    "test_evs": 0.053171826431428815
  },
  "turbidity__WG_0-10m": {
    "var_name": "turbidity",
    "site": "WG",
    "depth": "0-10m",
    "order": [
      1,
      1,
      1
    ],
    "seasonal_order": [
      0,
      0,
      0,
      12
    ],
    "cv_rmse": 0.09076878740090528,
    "train_mse": 0.023107022608146923,
    "train_rmse": 0.15200994246478394,
    "train_mae": 0.09752712464475372,
    "train_mape": 22.11619552333685,
    "train_r2": -0.8442157737507734,
    "train_evs": -0.7864374668164511,
    "test_mse": 0.005036511649184821,
    "test_rmse": 0.07096838485681367,
    "test_mae": 0.057110053620553734,
    "test_mape": 14.690475343409503,
    "test_r2": 0.008102311706311816,
    "test_evs": 0.04789197505587284
  },
  "turbidity__WG_10-30m": {
    "var_name": "turbidity",
    "site": "WG",
    "depth": "10-30m",
    "order": [
      0,
      1,
      1
    ],
    "seasonal_order": [
      1,
      0,
      0,
      12
    ],
    "cv_rmse": 0.07513852039015752,
    "train_mse": 0.013011923165312581,
    "train_rmse": 0.1140698170653069,
    "train_mae": 0.07322038588412735,
    "train_mape": 18.236235946881145,
    "train_r2": -0.9579538440343538,
    "train_evs": -0.9518961553630214,
    "test_mse": 0.011723215412532335,
    "test_rmse": 0.10827379836568188,
    "test_mae": 0.08272183636038204,
    "test_mape": 17.726173870145985,
    "test_r2": -0.9086364527196416,
    "test_evs": -0.017951773096738233
  },
  "turbidity__WG_30m+": {
    "var_name": "turbidity",
    "site": "WG",
    "depth": "30m+",
    "order": [
      1,
      1,
      1
    ],
    "seasonal_order": [
      0,
      0,
      0,
      12
    ],
    "cv_rmse": 0.04314228094751568,
    "train_mse": 0.0028755118922911553,
    "train_rmse": 0.05362379968158873,
    "train_mae": 0.03423382956646338,
    "train_mape": 913847114342234.1,
    "train_r2": -0.5822400045799379,
    "train_evs": -0.5749623836046209,
    "test_mse": 0.0026912351390439865,
    "test_rmse": 0.05187711575486812,
    "test_mae": 0.04031378019372927,
    "test_mape": 2505270331738792.0,
    "test_r2": -0.07301533927840054,
    "test_evs": 0.022707667813409604
  }
}