{
  "temp__WG_0-10m": {
    "var_name": "temp",
    "site": "WG",
    "depth": "0-10m",
    "order": [
      0,
      0,
      0
    ],
    "seasonal_order": [
      0,
      1,
      1,
      12
    ],
    "cv_rmse": 0.4242185927887797,
    "train_mse": 63.79004097793662,
    "train_rmse": 7.986866781031008,
    "train_mae": 3.145596572342532,
    "train_mape": 13.96211085708329,
    "train_r2": -48.536182944595105,
    "train_evs": -42.1911408738854,
    "test_mse": 0.1930671446278986,
    "test_rmse": 0.4393940653080087,
    "test_mae": 0.3508217062725767,
    "test_mape": 1.502558599804099,
    "test_r2": 0.8611650656919756,
    "test_evs": 0.8720140033577756
  },
  "temp__WG_10-30m": {
    "var_name": "temp",
    "site": "WG",
    "depth": "10-30m",
    "order": [
      0,
      0,
      1
    ],
    "seasonal_order": [
      0,
      1,
      1,
      12
    ],
    "cv_rmse": 0.3557657359347238,
    "train_mse": 62.161460728012635,
    "train_rmse": 7.884253974093721,
    "train_mae": 3.0019770510830366,
    "train_mape": 13.495699178138063,
    "train_r2": -65.46291135843943,
    "train_evs": -57.37291229431451,
    "test_mse": 0.16927799811383124,
    "test_rmse": 0.4114340750519228,
    "test_mae": 0.3149786535904177,
    "test_mape": 1.3734227288633754,
    "test_r2": 0.8349343037029332,
    "test_evs": 0.8768469424796494
  },
  "temp__WG_30m+": {
    "var_name": "temp",
    "site": "WG",
    "depth": "30m+",
    "order": [
      1,
      0,
      0
    ],
    "seasonal_order": [
      0,
      1,
      0,
      12
    ],
    "cv_rmse": 0.1262460697480107,
    "train_mse": 43.889997407867476,
    "train_rmse": 6.624952634386715,
    "train_mae": 2.4046443483439375,
    "train_mape": 11.639628400718138,
    "train_r2": -1518.4562156608415,
    "train_evs": -1331.0949690664443,
    "test_mse": 0.0038690866092700852,
    "test_rmse": 0.062201982358041336,
    "test_mae": 0.05331732075742888,
    "test_mape": 0.2579528882823942,
    "test_r2": 0.7608480276531225,
    "test_evs": 0.7802108866265383
  },
  "turbidity__WG_0-10m": {
    "var_name": "turbidity",
    "site": "WG",
    "depth": "0-10m",
    "order": [
      1,
      1,
      1
    ],
    "seasonal_order": [
      0,
      0,
      0,
      12
    ],
    "cv_rmse": 0.1422172590534957,
    "train_mse": 0.015249696476752374,
    "train_rmse": 0.1234896614164618,
    "train_mae": 0.09667110247625409,
    "train_mape": 23.775647304944066,
    "train_r2": 0.04991922726385001,
    "train_evs": 0.05470184620385243,
    "test_mse": 0.016105301756873018,
    "test_rmse": 0.12690666553366303,
    "test_mae": 0.10871238244498194,
    "test_mape": 33.825747264147566,
    "test_r2": -0.7752049941079151,
    "test_evs": -0.22111390575449263
  },
  "turbidity__WG_10-30m": {
    "var_name": "turbidity",
    "site": "WG",
    "depth": "10-30m",
    "order": [
      0,
      1,
      1
    ],
    "seasonal_order": [
      0,
      0,
      0,
      12
    ],
    "cv_rmse": 0.12896671733492224,
    "train_mse": 0.015905623951814902,
    "train_rmse": 0.12611750057710033,
    "train_mae": 0.09051853367564842,
    "train_mape": 22.46059403909898,
    "train_r2": -0.17528809910182286,
    "train_evs": -0.15743256401650974,
    "test_mse": 0.06802712659392586,
    "test_rmse": 0.2608201038914099,
    "test_mae": 0.24186292348622002,
    "test_mape": 68.15550011921954,
    "test_r2": -6.138618319456464,
    "test_evs": 3.3306690738754696e-16
  },
  "turbidity__WG_30m+": {
    "var_name": "turbidity",
    "site": "WG",
    "depth": "30m+",
    "order": [
      1,
      1,
      1
    ],
    "seasonal_order": [
      0,
      0,
      0,
      12
    ],
    "cv_rmse": 0.07374680246135197,
    "train_mse": 0.006534867408881862,
    "train_rmse": 0.08083852676095639,
    "train_mae": 0.059266755655355066,
    "train_mape": 43.37920219660539,
    "train_r2": 0.01112262312480905,
    "train_evs": 0.024109542922635896,
    "test_mse": 0.0019169777531051683,
    "test_rmse": 0.0437833045018894,
    "test_mae": 0.03552743906715924,
    "test_mape": 34.32465352197725,
    "test_r2": -0.1968618953391006,
    "test_evs": 0.2871119829810185
  },
  "dissolved_oxygen__WG_0-10m": {
    "var_name": "dissolved_oxygen",
    "site": "WG",
    "depth": "0-10m",
    "order": [
      1,
      1,
      1
    ],
    "seasonal_order": [
      1,
      0,
      0,
      12
    ],
    "cv_rmse": 0.5082082706960382,
    "train_mse": 0.9551884651273559,
    "train_rmse": 0.9773374366754585,
    "train_mae": 0.4830448073293098,
    "train_mape": 6.890033249657536,
    "train_r2": -2.0557790043971687,
    "train_evs": -2.052526575748764,
    "test_mse": 0.13136373708167265,
    "test_rmse": 0.36244135674847133,
    "test_mae": 0.28022536615273247,
    "test_mape": 4.116070414821697,
    "test_r2": 0.03651633482494432,
    "test_evs": 0.04026292467308612
  },
  "dissolved_oxygen__WG_10-30m": {
    "var_name": "dissolved_oxygen",
    "site": "WG",
    "depth": "10-30m",
    "order": [
      0,
      1,
      1
    ],
    "seasonal_order": [
      0,
      0,
      0,
      12
    ],
    "cv_rmse": 0.516657187501911,
    "train_mse": 0.7492209435139889,
    "train_rmse": 0.8655754984482803,
    "train_mae": 0.4539760219745264,
    "train_mape": 6.9858469198002,
    "train_r2": -0.8475881272616239,
    "train_evs": -0.8358564902338534,
    "test_mse": 0.07162273822007553,
    "test_rmse": 0.2676242481915186,
    "test_mae": 0.1893511657553775,
    "test_mape": 2.9903305111415515,
    "test_r2": -0.12271121364833437,
    "test_evs": 2.220446049250313e-16
  },
  "dissolved_oxygen__WG_30m+": {
    "var_name": "dissolved_oxygen",
    "site": "WG",
    "depth": "30m+",
    "order": [
      0,
      0,
      1
    ],
    "seasonal_order": [
      0,
      1,
      1,
      12
    ],
    "cv_rmse": 0.48035950126114163,
    "train_mse": 1.2416389464849955,
    "train_rmse": 1.1142885382543408,
    "train_mae": 0.6671936630897687,
    "train_mape": 23.182847085456963,
    "train_r2": -2.22384417803655,
    "train_evs": -1.9486148706832518,
    "test_mse": 0.13987552485631718,
    "test_rmse": 0.3739993647806333,
    "test_mae": 0.30235682707865424,
    "test_mape": 13.500427484710977,
    "test_r2": 0.6119008633518588,
    "test_evs": 0.7301970707637939
  }
}